:START_ID(Asset),:END_ID(Asset),rate:float,pair_address
0xA0b86991c6218b36c1d19D4a2e9Eb0cE3606eB48,0xC02aaA39b223FE8D0A0e5C4F27eAD9083C756Cc2,0.00040375178206621565,0xB4e16d0168e52d35CaCD2c6185b44281Ec28C9Dc
0xC02aaA39b223FE8D0A0e5C4F27eAD9083C756Cc2,0xA0b86991c6218b36c1d19D4a2e9Eb0cE3606eB48,2476.7692538283313,0xB4e16d0168e52d35CaCD2c6185b44281Ec28C9Dc
0xC02aaA39b223FE8D0A0e5C4F27eAD9083C756Cc2,0xdAC17F958D2ee523a2206206994597C13D831ec7,2476.815594549828,0x0d4a11d5EEaaC28EC3F61d100daF4d40471f1852
0xdAC17F958D2ee523a2206206994597C13D831ec7,0xC02aaA39b223FE8D0A0e5C4F27eAD9083C756Cc2,0.0004037442279515986,0x0d4a11d5EEaaC28EC3F61d100daF4d40471f1852
0x6B175474E89094C44Da98b954EedeAC495271d0F,0xC02aaA39b223FE8D0A0e5C4F27eAD9083C756Cc2,0.0004037677308149055,0xA478c2975Ab1Ea89e8196811F51A7B7Ade33eB11
0xC02aaA39b223FE8D0A0e5C4F27eAD9083C756Cc2,0x6B175474E89094C44Da98b954EedeAC495271d0F,2476.671421913155,0xA478c2975Ab1Ea89e8196811F51A7B7Ade33eB11
0x2260FAC5E5542a773Aa44fBCfeDf7C193bc2C599,0xC02aaA39b223FE8D0A0e5C4F27eAD9083C756Cc2,31.68004634108053,0xBb2b8038a1640196FbE3e38816F3e67Cba72D940
0xC02aaA39b223FE8D0A0e5C4F27eAD9083C756Cc2,0x2260FAC5E5542a773Aa44fBCfeDf7C193bc2C599,0.03156561039190363,0xBb2b8038a1640196FbE3e38816F3e67Cba72D940
0xA0b86991c6218b36c1d19D4a2e9Eb0cE3606eB48,0xdAC17F958D2ee523a2206206994597C13D831ec7,1.00139557621946,0x3041CbD36888bECc7bbCBc0045E3B1f144466f5f
0xdAC17F958D2ee523a2206206994597C13D831ec7,0xA0b86991c6218b36c1d19D4a2e9Eb0cE3606eB48,0.998606368699242,0x3041CbD36888bECc7bbCBc0045E3B1f144466f5f
0x6B175474E89094C44Da98b954EedeAC495271d0F,0xA0b86991c6218b36c1d19D4a2e9Eb0cE3606eB48,0.9992685264886423,0xAE461cA67B15dc8dc81CE7615e0320dA1A9aB8D5
0xA0b86991c6218b36c1d19D4a2e9Eb0cE3606eB48,0x6B175474E89094C44Da98b954EedeAC495271d0F,1.0007320089565195,0xAE461cA67B15dc8dc81CE7615e0320dA1A9aB8D5
